iid,gender,age,imprace,imprelig,goal,date,go_out,sports,tvsports,exercise,dining,museums,art,hiking,gaming,clubbing,reading,tv,theater,movies,concerts,music,shopping,yoga,exphappy,attr3_1,sinc3_1,fun3_1,intel3_1,amb3_1,pca_1,pca_2
1.0,0.0,21.0,2.0,4.0,2.0,7.0,1.0,9.0,2.0,8.0,9.0,1.0,1.0,5.0,1.0,5.0,6.0,9.0,1.0,10.0,10.0,9.0,8.0,1.0,3.0,6.0,8.0,8.0,8.0,7.0,0.2246012698504369,-1.163711183634579
2.0,0.0,24.0,2.0,5.0,1.0,5.0,1.0,3.0,2.0,7.0,10.0,8.0,6.0,3.0,5.0,8.0,10.0,1.0,9.0,8.0,7.0,8.0,3.0,1.0,4.0,7.0,5.0,10.0,8.0,3.0,1.1553449289912099,0.865121077892635
3.0,0.0,25.0,8.0,4.0,6.0,3.0,1.0,3.0,8.0,7.0,8.0,5.0,5.0,8.0,4.0,5.0,7.0,8.0,7.0,7.0,7.0,5.0,8.0,7.0,4.0,8.0,9.0,8.0,9.0,8.0,-0.023279634672022154,-1.3806850541915543
4.0,0.0,23.0,1.0,1.0,1.0,5.0,1.0,1.0,1.0,6.0,7.0,6.0,7.0,7.0,5.0,7.0,7.0,7.0,9.0,7.0,8.0,7.0,1.0,8.0,1.0,7.0,8.0,9.0,7.0,8.0,0.9525587435895826,1.5286140554047136
5.0,0.0,21.0,8.0,1.0,2.0,4.0,1.0,7.0,4.0,7.0,7.0,6.0,8.0,6.0,6.0,8.0,6.0,8.0,6.0,6.0,3.0,7.0,8.0,3.0,7.0,6.0,3.0,6.0,10.0,8.0,0.30827997671452234,-2.9927585359738416
6.0,0.0,23.0,1.0,1.0,1.0,3.0,1.0,10.0,8.0,9.0,7.0,8.0,7.0,9.0,2.0,6.0,9.0,2.0,5.0,6.0,6.0,4.0,1.0,1.0,4.0,5.0,7.0,8.0,9.0,5.0,2.536552707444601,-2.604576355143025
7.0,0.0,22.0,2.0,4.0,1.0,5.0,1.0,5.0,3.0,4.0,10.0,10.0,10.0,2.0,3.0,8.0,8.0,8.0,10.0,10.0,10.0,10.0,10.0,10.0,7.0,6.0,6.0,5.0,7.0,7.0,-2.7543971655233705,1.664757673205641
8.0,0.0,25.0,1.0,1.0,1.0,5.0,1.0,2.0,2.0,1.0,10.0,9.0,9.0,3.0,2.0,10.0,8.0,10.0,9.0,9.0,6.0,6.0,8.0,6.0,6.0,7.0,4.0,8.0,8.0,8.0,0.107071577418179,1.566460139684243
9.0,0.0,26.0,1.0,1.0,1.0,4.0,1.0,4.0,3.0,1.0,8.0,6.0,7.0,2.0,2.0,10.0,8.0,8.0,10.0,10.0,9.0,9.0,8.0,3.0,6.0,7.0,6.0,10.0,7.0,7.0,-1.1939311334220077,2.1368604460689564
10.0,0.0,26.0,4.0,4.0,2.0,6.0,1.0,9.0,9.0,9.0,7.0,6.0,6.0,7.0,1.0,7.0,8.0,5.0,6.0,7.0,7.0,8.0,7.0,7.0,7.0,6.0,8.0,10.0,6.0,9.0,-0.1521415713923252,-1.7414281807512346
21.0,0.0,21.0,8.0,10.0,6.0,7.0,4.0,10.0,8.0,10.0,5.0,5.0,5.0,2.0,1.0,3.0,7.0,10.0,4.0,7.0,4.0,8.0,5.0,2.0,5.0,5.0,9.0,7.0,9.0,10.0,1.1486387151580342,-3.5450101548427364
22.0,0.0,27.0,1.0,2.0,1.0,6.0,2.0,1.0,2.0,2.0,8.0,8.0,8.0,1.0,2.0,6.0,8.0,8.0,8.0,9.0,7.0,7.0,8.0,8.0,4.0,7.0,8.0,7.0,8.0,7.0,0.6143025225797234,2.2580514320576395
23.0,0.0,21.0,9.0,6.0,1.0,1.0,1.0,2.0,2.0,3.0,9.0,7.0,6.0,6.0,7.0,7.0,10.0,9.0,10.0,10.0,10.0,10.0,10.0,3.0,5.0,5.0,8.0,6.0,7.0,8.0,-3.642512895935066,0.9246708914409058
24.0,0.0,27.0,2.0,3.0,2.0,6.0,4.0,10.0,1.0,10.0,9.0,6.0,6.0,10.0,6.0,3.0,6.0,1.0,6.0,9.0,8.0,8.0,6.0,7.0,5.0,7.0,9.0,9.0,8.0,8.0,0.422990749919122,-0.28736453851322435
25.0,0.0,25.0,10.0,2.0,1.0,5.0,2.0,7.0,4.0,7.0,7.0,6.0,3.0,5.0,6.0,8.0,9.0,9.0,7.0,10.0,6.0,8.0,8.0,4.0,5.0,7.0,9.0,7.0,8.0,6.0,-1.490893840648696,-1.0706118906316733
26.0,0.0,23.0,2.0,4.0,1.0,5.0,2.0,9.0,4.0,9.0,7.0,7.0,4.0,6.0,5.0,7.0,5.0,3.0,9.0,9.0,6.0,4.0,5.0,1.0,7.0,7.0,8.0,8.0,8.0,8.0,0.7485949060642424,-1.9161232519176297
27.0,0.0,22.0,1.0,5.0,1.0,6.0,2.0,7.0,6.0,8.0,8.0,7.0,6.0,8.0,7.0,8.0,8.0,5.0,5.0,5.0,5.0,7.0,7.0,8.0,5.0,6.0,6.0,7.0,7.0,7.0,0.6318387240633164,-2.1591302226536544
28.0,0.0,26.0,4.115241635687732,4.144981412639405,2.096654275092937,5.133828996282528,2.130111524163569,5.721189591078067,4.115241635687732,6.37546468401487,8.148698884758364,7.449814126394052,7.223048327137547,5.940520446096654,3.2342007434944238,5.91449814126394,7.907063197026022,5.732342007434944,7.5092936802973975,8.148698884758364,7.152416356877324,8.04460966542751,6.4869888475836435,5.078066914498141,5.17910447761194,7.242537313432836,8.470149253731343,7.899253731343284,8.294776119402986,7.630597014925373,-0.005771870514336174,-0.00813998348464594
29.0,0.0,22.0,4.0,5.0,1.0,6.0,1.0,8.0,9.0,7.0,7.0,7.0,6.0,2.0,2.0,7.0,7.0,7.0,5.0,7.0,6.0,8.0,9.0,5.0,7.0,6.0,9.0,8.0,7.0,8.0,-0.21576396943500115,-2.4598587964829743
30.0,0.0,23.0,2.0,4.0,1.0,7.0,2.0,5.0,6.0,8.0,7.0,4.0,4.0,2.0,1.0,7.0,8.0,5.0,7.0,7.0,7.0,9.0,6.0,4.0,3.0,7.0,8.0,9.0,8.0,8.0,0.8196540493932857,-0.22688801893339441
31.0,0.0,24.0,4.0,8.0,1.0,4.0,3.0,3.0,3.0,7.0,10.0,7.0,7.0,7.0,2.0,6.0,6.0,8.0,8.0,8.0,6.0,7.0,10.0,6.0,5.0,8.0,8.0,9.0,8.0,9.0,-0.5324309827239178,-0.46990307443509427
32.0,0.0,27.0,1.0,1.0,1.0,4.0,2.0,4.0,1.0,5.0,9.0,5.0,5.0,1.0,2.0,4.0,9.0,6.0,6.0,7.0,5.0,8.0,10.0,9.0,3.0,7.0,5.0,9.0,9.0,7.0,1.3053072234924055,0.9739791491498054
33.0,0.0,30.0,4.0,8.0,6.0,6.0,1.0,4.0,6.0,10.0,7.0,8.0,6.0,6.0,8.0,6.0,10.0,10.0,8.0,8.0,6.0,6.0,7.0,9.0,4.0,6.0,8.0,6.0,8.0,8.0,-0.34526975979246716,-0.6321580878893319
34.0,0.0,21.0,2.0,2.0,1.0,6.0,2.0,7.0,6.0,6.0,7.0,4.0,4.0,5.0,4.0,7.0,7.0,6.0,9.0,10.0,7.0,7.0,7.0,7.0,6.0,7.0,7.0,7.0,7.0,8.0,-0.9650929282072582,-0.19344207732766563
35.0,0.0,25.0,9.0,7.0,1.0,6.0,3.0,9.0,7.0,9.0,8.0,8.0,8.0,5.0,6.0,9.0,7.0,9.0,8.0,8.0,7.0,7.0,8.0,3.0,7.0,8.0,9.0,9.0,9.0,7.0,-1.7432033028910907,-2.7065024226151677
36.0,0.0,26.0,7.0,8.0,2.0,5.0,2.0,6.0,1.0,4.0,6.0,7.0,7.0,7.0,1.0,3.0,9.0,1.0,9.0,6.0,6.0,7.0,5.0,1.0,6.0,8.0,7.0,8.0,8.0,6.0,1.8618285057343784,0.0781003158031628
37.0,0.0,27.0,5.0,8.0,2.0,6.0,2.0,6.0,4.0,6.0,10.0,9.0,8.0,7.0,6.0,7.0,5.0,6.0,10.0,7.0,8.0,7.0,4.0,9.0,7.0,7.0,8.0,7.0,9.0,5.0,-0.650108199758205,-0.36392387357291495
38.0,0.0,23.0,8.0,1.0,1.0,4.0,3.0,7.0,2.0,7.0,10.0,2.0,2.0,7.0,4.0,7.0,2.0,8.0,8.0,10.0,10.0,10.0,10.0,2.0,2.0,8.0,2.0,7.0,8.0,8.0,-2.1451750059753407,-0.45956515179001306
39.0,0.0,24.0,6.0,4.0,5.0,6.0,4.0,3.0,2.0,4.0,10.0,10.0,8.0,7.0,1.0,5.0,10.0,9.0,9.0,10.0,9.0,9.0,10.0,1.0,2.0,6.0,9.0,6.0,8.0,7.0,-0.7302148445326178,2.0377391308004182
56.0,0.0,23.0,10.0,9.0,1.0,3.0,1.0,2.0,1.0,10.0,10.0,5.0,5.0,2.0,1.0,7.0,6.0,8.0,8.0,7.0,6.0,9.0,10.0,4.0,3.0,10.0,10.0,9.0,8.0,5.0,-0.6368802781341434,-1.133297341905432
57.0,0.0,22.0,10.0,10.0,3.0,5.0,2.0,4.0,4.0,5.0,9.0,9.0,9.0,9.0,1.0,5.0,9.0,9.0,9.0,9.0,9.0,9.0,9.0,9.0,9.0,6.0,10.0,10.0,9.0,10.0,-2.707264664555478,0.28429172548554293
58.0,0.0,26.12639405204461,4.115241635687732,4.144981412639405,2.096654275092937,5.133828996282528,2.130111524163569,5.721189591078067,4.115241635687732,6.37546468401487,8.148698884758364,7.449814126394052,7.223048327137547,5.940520446096654,3.2342007434944238,5.91449814126394,7.907063197026022,5.732342007434944,7.5092936802973975,8.148698884758364,7.152416356877324,8.04460966542751,6.4869888475836435,5.078066914498141,5.17910447761194,7.242537313432836,8.470149253731343,7.899253731343284,8.294776119402986,7.630597014925373,8.790490504323047e-17,1.3073061767648016e-16
59.0,0.0,26.12639405204461,4.115241635687732,4.144981412639405,2.096654275092937,5.133828996282528,2.130111524163569,5.721189591078067,4.115241635687732,6.37546468401487,8.148698884758364,7.449814126394052,7.223048327137547,5.940520446096654,3.2342007434944238,5.91449814126394,7.907063197026022,5.732342007434944,7.5092936802973975,8.148698884758364,7.152416356877324,8.04460966542751,6.4869888475836435,5.078066914498141,5.17910447761194,7.242537313432836,8.470149253731343,7.899253731343284,8.294776119402986,7.630597014925373,8.790490504323047e-17,1.3073061767648016e-16
60.0,0.0,29.0,3.0,10.0,4.0,6.0,2.0,3.0,1.0,9.0,9.0,5.0,5.0,3.0,1.0,5.0,5.0,2.0,10.0,7.0,6.0,9.0,5.0,5.0,4.0,7.0,9.0,9.0,9.0,9.0,1.6542205307324178,0.8553957552314974
61.0,0.0,28.0,1.0,5.0,1.0,5.0,2.0,1.0,1.0,5.0,10.0,10.0,10.0,5.0,1.0,5.0,10.0,6.0,10.0,10.0,8.0,10.0,8.0,7.0,5.0,7.0,10.0,7.0,10.0,7.0,-0.7289550482157269,3.1295572761534345
62.0,0.0,26.0,1.0,1.0,2.0,7.0,2.0,8.0,5.0,7.0,8.0,6.0,6.0,7.0,7.0,7.0,7.0,3.0,2.0,9.0,7.0,9.0,9.0,2.0,5.0,9.0,9.0,9.0,9.0,9.0,0.6327228607584472,-1.1685546374796825
63.0,0.0,24.0,1.0,3.0,3.0,6.0,1.0,5.0,3.0,8.0,6.0,9.0,8.0,5.0,1.0,2.0,10.0,1.0,8.0,9.0,4.0,5.0,6.0,2.0,6.0,6.0,8.0,9.0,8.0,7.0,2.613984272135169,0.1350988319281491
64.0,0.0,27.0,6.0,3.0,2.0,6.0,5.0,8.0,8.0,8.0,8.0,8.0,8.0,9.0,5.0,3.0,8.0,7.0,8.0,8.0,9.0,9.0,8.0,5.0,3.0,8.0,8.0,6.0,9.0,9.0,-1.3649456723733793,-0.5585500186726441
65.0,0.0,23.0,6.0,3.0,2.0,5.0,3.0,7.0,5.0,7.0,8.0,8.0,8.0,8.0,8.0,9.0,8.0,8.0,8.0,9.0,8.0,8.0,9.0,6.0,7.0,7.0,9.0,9.0,8.0,9.0,-2.334889161159006,-0.928335088304663
76.0,0.0,34.0,5.0,7.0,2.0,7.0,2.0,1.0,7.0,6.0,8.0,8.0,8.0,5.0,1.0,7.0,7.0,4.0,8.0,8.0,8.0,7.0,7.0,7.0,6.0,6.0,6.0,6.0,8.0,4.0,0.5423936873538835,0.9948770462806502
77.0,0.0,22.0,2.0,2.0,1.0,4.0,2.0,7.0,1.0,10.0,9.0,9.0,9.0,8.0,3.0,6.0,6.0,6.0,8.0,8.0,10.0,10.0,7.0,9.0,6.0,6.0,8.0,8.0,8.0,8.0,-1.5499741940775322,0.2650042281033757
78.0,0.0,23.0,1.0,4.0,2.0,7.0,3.0,5.0,1.0,7.0,7.0,9.0,5.0,9.0,1.0,3.0,9.0,3.0,9.0,9.0,9.0,7.0,5.0,10.0,7.0,3.0,10.0,3.0,8.0,8.0,0.25322424715565184,1.883139550634244
79.0,0.0,26.0,8.0,8.0,2.0,7.0,1.0,2.0,3.0,2.0,10.0,10.0,10.0,2.0,1.0,7.0,4.0,4.0,9.0,9.0,8.0,8.0,3.0,3.0,5.0,7.0,9.0,8.0,7.0,7.0,0.8099596779940756,1.024618301089353
80.0,0.0,27.0,3.0,1.0,1.0,5.0,4.0,8.0,3.0,7.0,5.0,5.0,4.0,3.0,1.0,5.0,10.0,9.0,7.0,7.0,7.0,7.0,9.0,2.0,7.0,8.0,8.0,8.0,8.0,8.0,0.3953293455631584,-0.4030476794224186
81.0,0.0,28.0,6.0,9.0,5.0,5.0,2.0,6.0,2.0,7.0,9.0,9.0,7.0,7.0,1.0,7.0,7.0,7.0,9.0,9.0,7.0,7.0,7.0,4.0,5.0,8.0,7.0,8.0,7.0,7.0,0.04303505968154828,0.11352030761048194
82.0,0.0,25.0,2.0,7.0,1.0,3.0,2.0,5.0,5.0,5.0,8.0,9.0,10.0,9.0,1.0,7.0,8.0,6.0,8.0,8.0,8.0,9.0,6.0,7.0,7.0,8.0,9.0,8.0,8.0,7.0,-0.997839843463414,0.40554586902526724
83.0,0.0,35.0,1.0,5.0,2.0,6.0,1.0,5.0,1.0,3.0,5.0,7.0,8.0,3.0,1.0,6.0,8.0,3.0,7.0,8.0,7.0,8.0,4.0,7.0,6.0,5.0,9.0,9.0,5.0,5.0,2.013229989966181,2.0691257773708824
84.0,0.0,32.0,1.0,1.0,2.0,4.0,1.0,7.0,1.0,9.0,9.0,9.0,9.0,3.0,1.0,9.0,9.0,1.0,9.0,10.0,9.0,9.0,5.0,5.0,7.0,7.0,9.0,7.0,8.0,5.0,0.22055372234162177,1.892432205735209
85.0,0.0,30.0,3.0,5.0,2.0,6.0,4.0,2.0,3.0,4.0,9.0,8.0,6.0,8.0,4.0,7.0,8.0,4.0,6.0,7.0,5.0,8.0,5.0,3.0,4.0,7.0,9.0,9.0,8.0,9.0,1.9140603628323363,0.8013739802338624
86.0,0.0,22.0,1.0,1.0,2.0,7.0,1.0,2.0,2.0,1.0,4.0,7.0,7.0,2.0,1.0,6.0,4.0,7.0,5.0,10.0,10.0,10.0,2.0,2.0,6.0,7.0,9.0,9.0,9.0,4.0,0.9296148001874733,1.8880506674423247
87.0,0.0,23.0,8.0,10.0,1.0,3.0,2.0,10.0,5.0,10.0,8.0,7.0,7.0,8.0,4.0,9.0,9.0,6.0,7.0,10.0,9.0,10.0,7.0,9.0,4.0,9.0,9.0,9.0,9.0,9.0,-3.0470230488829033,-1.2848958455145723
88.0,0.0,23.0,8.0,7.0,1.0,4.0,4.0,8.0,7.0,10.0,7.0,7.0,7.0,8.0,6.0,6.0,10.0,8.0,9.0,10.0,8.0,10.0,9.0,3.0,5.0,9.0,9.0,9.0,9.0,9.0,-3.2321960601869733,-1.2748585926563332
89.0,0.0,27.0,3.0,2.0,1.0,7.0,3.0,2.0,2.0,2.0,10.0,8.0,8.0,7.0,8.0,9.0,8.0,1.0,9.0,8.0,8.0,9.0,4.0,2.0,5.0,8.0,9.0,8.0,9.0,10.0,0.590072517174002,1.9899719469884718
90.0,0.0,23.0,4.0,1.0,2.0,7.0,7.0,8.0,9.0,6.0,5.0,8.0,9.0,6.0,3.0,1.0,10.0,6.0,7.0,8.0,7.0,6.0,4.0,1.0,5.0,5.0,8.0,5.0,7.0,5.0,1.0294994020910677,-0.7454116206004292
91.0,0.0,25.0,6.0,8.0,1.0,3.0,2.0,4.0,2.0,5.0,7.0,7.0,5.0,7.0,3.0,5.0,7.0,7.0,10.0,8.0,8.0,7.0,6.0,2.0,5.0,6.0,7.0,7.0,9.0,8.0,-0.5358469341849514,0.08090898418455579
92.0,0.0,29.0,1.0,2.0,5.0,6.0,1.0,7.0,2.0,8.0,10.0,9.0,9.0,9.0,2.0,9.0,10.0,4.0,10.0,10.0,8.0,10.0,6.0,9.0,5.0,9.0,10.0,9.0,9.0,9.0,-0.6344522629972258,2.301093295542134
93.0,0.0,29.0,2.0,2.0,1.0,5.0,1.0,3.0,2.0,6.0,10.0,7.0,6.0,8.0,7.0,8.0,7.0,5.0,8.0,8.0,6.0,5.0,7.0,6.0,6.0,8.0,8.0,8.0,8.0,7.0,0.655802568475332,0.1901937324376426
112.0,0.0,20.0,1.0,1.0,1.0,3.0,1.0,8.0,3.0,8.0,5.0,7.0,8.0,8.0,8.0,9.0,9.0,3.0,8.0,8.0,9.0,10.0,4.0,6.0,4.0,9.0,10.0,9.0,9.0,9.0,-1.26667566291282,-0.051540389900997685
113.0,0.0,21.0,3.0,8.0,1.0,4.0,1.0,5.0,3.0,7.0,10.0,9.0,8.0,7.0,2.0,6.0,8.0,7.0,10.0,10.0,9.0,10.0,10.0,7.0,7.0,8.0,10.0,10.0,8.0,9.0,-2.7356153359239763,0.6470356789185496
114.0,0.0,20.0,2.0,4.0,2.0,7.0,4.0,6.0,8.0,3.0,4.0,4.0,3.0,5.0,2.0,6.0,8.0,7.0,6.0,7.0,6.0,9.0,2.0,2.0,6.0,7.0,9.0,8.0,6.0,7.0,1.0273237629545062,-0.5511007409930994
115.0,0.0,21.0,10.0,7.0,1.0,5.0,1.0,2.0,2.0,8.0,7.0,3.0,3.0,1.0,1.0,8.0,10.0,2.0,2.0,6.0,4.0,7.0,8.0,1.0,3.0,8.0,7.0,8.0,9.0,8.0,2.5592466524079502,-1.8590581899006295
116.0,0.0,21.0,4.0,1.0,1.0,1.0,1.0,5.0,4.0,3.0,10.0,10.0,10.0,6.0,4.0,8.0,10.0,10.0,10.0,10.0,10.0,10.0,10.0,8.0,7.0,8.0,9.0,8.0,9.0,9.0,-3.7634109993441416,1.3005201402581628
117.0,0.0,21.0,8.0,10.0,1.0,3.0,1.0,6.0,8.0,6.0,9.0,8.0,6.0,3.0,5.0,8.0,8.0,5.0,6.0,5.0,6.0,5.0,9.0,3.0,6.0,8.0,7.0,8.0,8.0,8.0,0.013530662814764794,-3.447357585366791
119.0,0.0,19.0,5.0,2.0,1.0,3.0,1.0,8.0,5.0,8.0,9.0,9.0,9.0,5.0,8.0,10.0,9.0,5.0,10.0,9.0,10.0,10.0,7.0,8.0,4.0,8.0,10.0,10.0,10.0,10.0,-3.156426436544767,-0.24236151566960326
120.0,0.0,20.0,1.0,4.0,5.0,4.0,3.0,5.0,4.0,4.0,8.0,7.0,5.0,3.0,1.0,5.0,10.0,6.0,10.0,9.0,6.0,8.0,3.0,5.0,3.0,6.0,8.0,8.0,8.0,9.0,0.8197922752237151,1.4814030074676134
121.0,0.0,21.0,8.0,1.0,5.0,7.0,1.0,2.0,2.0,6.0,10.0,6.0,10.0,6.0,4.0,7.0,7.0,8.0,10.0,10.0,10.0,10.0,10.0,4.0,2.0,2.0,9.0,9.0,7.0,9.0,-1.7284411004842413,1.6282270558527616
132.0,0.0,27.0,10.0,1.0,1.0,7.0,2.0,7.0,2.0,10.0,5.0,7.0,7.0,9.0,1.0,1.0,5.0,9.0,5.0,10.0,3.0,10.0,1.0,10.0,5.0,8.0,10.0,10.0,9.0,10.0,0.6585316515990759,-0.7280683734485947
133.0,0.0,24.0,8.0,6.0,1.0,6.0,5.0,8.0,7.0,6.0,7.0,10.0,8.0,10.0,4.0,3.0,6.0,4.0,8.0,7.0,10.0,9.0,7.0,6.0,5.0,6.0,8.0,7.0,8.0,7.0,-1.3490679099103473,-0.8097825698998572
134.0,0.0,23.0,8.0,10.0,1.0,5.0,3.0,7.0,4.0,4.0,8.0,9.0,6.0,7.0,8.0,6.0,8.0,5.0,9.0,5.0,7.0,8.0,8.0,8.0,8.0,7.0,8.0,8.0,8.0,8.0,-1.3294126485843263,-1.3908245027162653
135.0,0.0,26.0,9.0,6.0,1.0,7.0,2.0,3.0,1.0,1.0,1.0,9.0,9.0,10.0,1.0,7.0,7.0,1.0,8.0,7.0,10.0,10.0,2.0,9.0,6.0,9.0,10.0,7.0,9.0,6.0,0.218441191226855,2.2107785907077036
136.0,0.0,26.12639405204461,4.115241635687732,4.144981412639405,2.096654275092937,5.133828996282528,2.130111524163569,5.721189591078067,4.115241635687732,6.37546468401487,8.148698884758364,7.449814126394052,7.223048327137547,5.940520446096654,3.2342007434944238,5.91449814126394,7.907063197026022,5.732342007434944,7.5092936802973975,8.148698884758364,7.152416356877324,8.04460966542751,6.4869888475836435,5.078066914498141,5.17910447761194,7.242537313432836,8.470149253731343,7.899253731343284,8.294776119402986,7.630597014925373,8.790490504323047e-17,1.3073061767648016e-16
142.0,0.0,24.0,1.0,4.0,1.0,5.0,2.0,5.0,6.0,6.0,6.0,5.0,5.0,6.0,14.0,7.0,6.0,6.0,6.0,6.0,6.0,8.0,6.0,6.0,7.0,9.0,9.0,9.0,10.0,7.0,-0.5066007449002172,-1.884553281947473
143.0,0.0,33.0,6.0,2.0,2.0,7.0,4.0,4.0,5.0,6.0,8.0,9.0,9.0,6.0,4.0,8.0,9.0,5.0,7.0,7.0,7.0,7.0,6.0,4.0,6.0,7.0,10.0,7.0,8.0,7.0,0.9772361762692741,0.4271840791336249
144.0,0.0,23.0,5.0,2.0,1.0,5.0,2.0,10.0,7.0,9.0,6.0,6.0,6.0,4.0,3.0,7.0,7.0,5.0,4.0,7.0,9.0,8.0,7.0,4.0,5.0,7.0,8.0,8.0,9.0,9.0,-0.13646286771497,-2.258034802732758
145.0,0.0,24.0,9.0,7.0,2.0,7.0,1.0,2.0,1.0,2.0,9.0,9.0,5.0,2.0,2.0,1.0,8.0,10.0,10.0,10.0,5.0,8.0,9.0,2.0,5.0,5.0,5.0,7.0,9.0,7.0,-0.14225087679315712,0.9783971889133184
146.0,0.0,36.0,1.0,7.0,4.0,7.0,1.0,5.0,2.0,5.0,5.0,8.0,8.0,3.0,1.0,3.0,10.0,8.0,8.0,8.0,5.0,8.0,8.0,3.0,5.0,8.0,8.0,8.0,8.0,8.0,1.7820814399448552,1.384452384278046
147.0,0.0,26.0,3.0,3.0,5.0,5.0,1.0,8.0,7.0,8.0,9.0,9.0,9.0,5.0,2.0,8.0,10.0,8.0,9.0,8.0,6.0,6.0,7.0,10.0,5.0,8.0,7.0,8.0,9.0,7.0,-0.19365636472873948,-0.4109942992072723
148.0,0.0,27.0,7.0,4.0,5.0,4.0,1.0,7.0,4.0,6.0,9.0,9.0,9.0,5.0,2.0,1.0,10.0,10.0,9.0,9.0,5.0,7.0,9.0,7.0,5.0,8.0,9.0,9.0,9.0,8.0,-0.3254761645135521,-0.09631608365469811
149.0,0.0,28.0,3.0,3.0,1.0,5.0,2.0,8.0,4.0,5.0,8.0,8.0,8.0,8.0,3.0,6.0,6.0,6.0,5.0,8.0,7.0,10.0,9.0,8.0,4.0,8.0,8.0,8.0,8.0,8.0,-0.39143780528725225,-0.20101652304256903
150.0,0.0,31.0,3.0,3.0,4.0,5.0,2.0,5.0,1.0,3.0,5.0,3.0,3.0,9.0,1.0,5.0,7.0,1.0,1.0,7.0,5.0,4.0,2.0,10.0,5.0,7.0,9.0,8.0,9.0,8.0,4.344261268965808,0.30140032024694147
151.0,0.0,28.0,1.0,2.0,3.0,3.0,1.0,5.0,1.0,8.0,10.0,9.0,8.0,8.0,4.0,1.0,8.0,1.0,9.0,8.0,9.0,10.0,7.0,7.0,3.0,9.0,10.0,10.0,10.0,8.0,0.15993598510735083,1.7730322137249837
152.0,0.0,27.0,2.0,3.0,1.0,4.0,3.0,4.0,1.0,4.0,8.0,9.0,8.0,5.0,5.0,7.0,10.0,5.0,9.0,10.0,9.0,9.0,7.0,1.0,5.0,7.0,9.0,8.0,10.0,8.0,-0.6914315499080443,1.9905109376618721
153.0,0.0,28.0,1.0,1.0,2.0,6.0,3.0,8.0,5.0,7.0,7.0,7.0,6.0,6.0,5.0,7.0,10.0,6.0,7.0,9.0,7.0,7.0,8.0,5.0,6.0,7.0,7.0,6.0,7.0,6.0,-0.09467768338606244,0.022583061651104727
154.0,0.0,27.0,8.0,3.0,6.0,4.0,1.0,10.0,7.0,8.0,8.0,6.0,6.0,6.0,1.0,6.0,8.0,7.0,7.0,8.0,6.0,6.0,3.0,2.0,7.0,8.0,9.0,9.0,9.0,9.0,0.9135623769180112,-1.936795180364361
155.0,0.0,27.0,5.0,1.0,2.0,5.0,1.0,2.0,1.0,10.0,10.0,7.0,8.0,5.0,1.0,1.0,10.0,4.0,10.0,9.0,5.0,7.0,7.0,4.0,3.0,7.0,10.0,6.0,8.0,9.0,1.3419347192474371,1.2579096673135521
156.0,0.0,30.0,1.0,1.0,2.0,6.0,3.0,3.0,7.0,10.0,10.0,10.0,10.0,8.0,7.0,9.0,10.0,10.0,10.0,10.0,10.0,10.0,7.0,8.0,6.0,8.0,10.0,10.0,9.0,10.0,-2.871601772791852,1.535071100568618
157.0,0.0,28.0,5.0,3.0,1.0,6.0,1.0,8.0,7.0,8.0,8.0,6.0,6.0,9.0,2.0,9.0,7.0,4.0,6.0,7.0,5.0,6.0,6.0,3.0,4.0,7.0,8.0,9.0,8.0,9.0,1.2900735598887139,-1.9214042642945592
174.0,0.0,29.0,1.0,1.0,4.0,5.0,3.0,5.0,4.0,6.0,6.0,8.0,8.0,4.0,4.0,6.0,8.0,4.0,6.0,5.0,9.0,9.0,6.0,5.0,5.0,9.0,10.0,8.0,8.0,6.0,1.329262331221603,0.6299415713130438
175.0,0.0,23.0,5.0,8.0,2.0,3.0,1.0,8.0,2.0,6.0,8.0,7.0,7.0,3.0,3.0,6.0,6.0,5.0,6.0,5.0,6.0,9.0,5.0,3.0,7.0,7.0,10.0,8.0,8.0,9.0,0.8715508572248576,-1.8617552436016624
176.0,0.0,28.0,10.0,1.0,2.0,6.0,3.0,7.0,6.0,5.0,10.0,10.0,9.0,7.0,4.0,4.0,5.0,5.0,8.0,8.0,8.0,8.0,6.0,3.0,7.0,6.0,9.0,7.0,8.0,6.0,-0.30504897612378185,-0.7381161182726638
177.0,0.0,22.0,8.0,3.0,2.0,5.0,2.0,5.0,9.0,6.0,8.0,6.0,4.0,2.0,3.0,7.0,9.0,7.0,6.0,7.0,3.0,4.0,5.0,1.0,6.0,9.0,9.0,8.0,9.0,9.0,1.6500531942099435,-2.678200969591492
178.0,0.0,35.0,5.0,5.0,2.0,4.0,2.0,3.0,4.0,7.0,9.0,8.0,8.0,8.0,2.0,9.0,8.0,8.0,8.0,8.0,8.0,9.0,6.0,8.0,5.0,9.0,9.0,7.0,8.0,7.0,-0.6549002105309825,1.1822953455139922
179.0,0.0,30.0,5.0,1.0,1.0,6.0,3.0,5.0,5.0,10.0,10.0,7.0,7.0,5.0,1.0,7.0,10.0,1.0,8.0,8.0,7.0,9.0,10.0,9.0,2.0,8.0,10.0,6.0,8.0,10.0,0.15754305453615217,1.00253074103887
180.0,0.0,24.0,2.0,2.0,6.0,4.0,2.0,7.0,7.0,5.0,9.0,5.0,5.0,8.0,5.0,9.0,6.0,7.0,9.0,9.0,7.0,8.0,9.0,7.0,6.0,9.0,9.0,10.0,9.0,9.0,-1.2772707329425725,-0.20379707965514812
181.0,0.0,22.0,7.0,8.0,1.0,5.0,5.0,3.0,6.0,5.0,9.0,9.0,9.0,6.0,3.0,9.0,9.0,9.0,9.0,9.0,9.0,9.0,9.0,6.0,4.0,9.0,9.0,9.0,9.0,9.0,-2.461461185734347,0.4903869846805564
182.0,0.0,22.0,7.0,5.0,1.0,4.0,3.0,5.0,6.0,2.0,8.0,3.0,2.0,1.0,4.0,1.0,7.0,8.0,2.0,6.0,4.0,10.0,8.0,1.0,6.0,8.0,8.0,8.0,8.0,10.0,1.0630443086451775,-2.099321585901739
183.0,0.0,24.0,1.0,1.0,1.0,7.0,3.0,9.0,6.0,8.0,9.0,8.0,8.0,9.0,9.0,9.0,7.0,8.0,8.0,9.0,9.0,10.0,8.0,1.0,5.0,9.0,7.0,9.0,9.0,7.0,-2.065410547758588,-0.8398574368495482
194.0,0.0,24.0,9.0,9.0,3.0,3.0,2.0,8.0,6.0,6.0,9.0,6.0,6.0,4.0,8.0,7.0,9.0,9.0,6.0,9.0,5.0,7.0,9.0,4.0,7.0,9.0,10.0,8.0,10.0,10.0,-1.5614753014859102,-2.6069288554188894
195.0,0.0,27.0,3.0,9.0,1.0,2.0,1.0,7.0,6.0,9.0,8.0,5.0,5.0,9.0,9.0,8.0,10.0,1.0,3.0,4.0,3.0,6.0,5.0,1.0,8.0,9.0,8.0,10.0,10.0,8.0,1.8657252377627809,-3.7894601657166533
196.0,0.0,25.0,1.0,6.0,1.0,1.0,1.0,3.0,3.0,6.0,7.0,7.0,7.0,8.0,6.0,8.0,6.0,8.0,9.0,9.0,9.0,9.0,7.0,9.0,6.0,9.0,9.0,9.0,9.0,9.0,-2.341629118334814,0.645061059255177
197.0,0.0,24.0,2.0,1.0,1.0,4.0,3.0,6.0,1.0,4.0,10.0,8.0,8.0,4.0,7.0,5.0,9.0,6.0,5.0,10.0,8.0,10.0,7.0,3.0,3.0,7.0,8.0,9.0,9.0,7.0,-0.3492887123937879,0.9134027031486358
198.0,0.0,23.0,8.0,5.0,2.0,2.0,3.0,6.0,8.0,6.0,9.0,8.0,8.0,9.0,5.0,7.0,4.0,9.0,9.0,9.0,9.0,9.0,10.0,4.0,6.0,7.0,9.0,7.0,9.0,7.0,-3.210759955019844,-1.481083286946204
199.0,0.0,30.0,2.0,1.0,4.0,5.0,3.0,8.0,3.0,10.0,10.0,10.0,10.0,1.0,1.0,7.0,10.0,4.0,7.0,8.0,3.0,5.0,7.0,1.0,4.0,9.0,7.0,7.0,9.0,9.0,2.912418475778711,-0.6714204621906302
200.0,0.0,25.0,1.0,1.0,1.0,7.0,2.0,10.0,3.0,9.0,8.0,7.0,7.0,10.0,3.0,6.0,8.0,1.0,8.0,8.0,9.0,10.0,3.0,4.0,5.0,8.0,10.0,8.0,8.0,8.0,0.313291052046108,0.3999451972603192
201.0,0.0,25.0,8.0,8.0,1.0,4.0,2.0,8.0,8.0,8.0,8.0,7.0,7.0,7.0,8.0,7.0,7.0,7.0,7.0,7.0,7.0,7.0,7.0,6.0,2.0,7.0,8.0,9.0,9.0,8.0,-1.2433109501742794,-2.6329106191833977
202.0,0.0,22.0,8.0,5.0,2.0,6.0,2.0,8.0,8.0,9.0,7.0,6.0,4.0,4.0,1.0,6.0,8.0,7.0,7.0,9.0,6.0,7.0,7.0,1.0,3.0,7.0,10.0,9.0,10.0,8.0,-0.03242500438347954,-2.078862245784636
203.0,0.0,22.0,4.0,10.0,6.0,6.0,2.0,3.0,1.0,8.0,6.0,4.0,2.0,2.0,1.0,6.0,7.0,10.0,6.0,8.0,3.0,7.0,9.0,2.0,3.0,9.0,8.0,9.0,10.0,7.0,1.7023515684112411,-0.949924955946377
204.0,0.0,26.0,8.0,6.0,3.0,5.0,1.0,10.0,5.0,9.0,9.0,10.0,10.0,3.0,1.0,9.0,8.0,4.0,5.0,5.0,3.0,8.0,10.0,7.0,4.0,9.0,5.0,9.0,10.0,10.0,1.2010616706745783,-2.7536256910993133
205.0,0.0,23.0,5.0,5.0,1.0,7.0,1.0,8.0,2.0,6.0,8.0,6.0,6.0,7.0,2.0,6.0,9.0,3.0,3.0,8.0,5.0,6.0,3.0,5.0,5.0,7.0,8.0,9.0,10.0,5.0,2.3333982051194195,-1.163698739492663
206.0,0.0,31.0,2.0,2.0,1.0,5.0,1.0,5.0,5.0,5.0,9.0,7.0,7.0,7.0,7.0,9.0,9.0,5.0,7.0,7.0,7.0,9.0,5.0,7.0,6.0,8.0,8.0,8.0,8.0,8.0,-0.0722639245659062,0.44974121090267083
207.0,0.0,23.0,9.0,5.0,1.0,3.0,1.0,10.0,8.0,8.0,7.0,5.0,5.0,2.0,3.0,4.0,3.0,7.0,7.0,6.0,5.0,7.0,9.0,6.0,6.0,8.0,8.0,10.0,8.0,9.0,-0.4481075842131143,-3.8486822635519866
208.0,0.0,25.0,2.0,1.0,2.0,4.0,3.0,9.0,7.0,7.0,9.0,10.0,10.0,10.0,5.0,8.0,8.0,5.0,7.0,9.0,10.0,10.0,9.0,8.0,5.0,9.0,10.0,10.0,10.0,10.0,-2.2566659396299054,-0.016952785847317343
209.0,0.0,28.0,7.0,3.0,3.0,6.0,2.0,3.0,2.0,6.0,8.0,5.0,5.0,6.0,8.0,8.0,3.0,6.0,7.0,8.0,7.0,10.0,3.0,3.0,7.0,7.0,9.0,8.0,7.0,8.0,0.06582978215160866,-0.15736045799738313
210.0,0.0,29.0,10.0,4.0,2.0,6.0,3.0,9.0,3.0,9.0,8.0,9.0,9.0,9.0,1.0,2.0,9.0,5.0,7.0,7.0,7.0,7.0,5.0,1.0,5.0,8.0,8.0,6.0,9.0,9.0,1.0827848461276774,-1.1409334133752742
211.0,0.0,28.0,9.0,1.0,2.0,4.0,1.0,9.0,8.0,9.0,10.0,9.0,9.0,5.0,8.0,1.0,9.0,9.0,10.0,10.0,9.0,7.0,10.0,7.0,5.0,7.0,9.0,9.0,9.0,9.0,-2.862391602961245,-1.169042067529919
212.0,0.0,27.0,3.0,6.0,1.0,5.0,2.0,8.0,5.0,8.0,8.0,8.0,8.0,8.0,6.0,9.0,8.0,8.0,8.0,8.0,6.0,7.0,8.0,3.0,5.0,7.0,9.0,7.0,8.0,9.0,-0.7667242122775929,-1.482006296395203
213.0,0.0,25.0,9.0,10.0,2.0,4.0,2.0,8.0,7.0,9.0,8.0,8.0,7.0,6.0,7.0,7.0,8.0,7.0,10.0,10.0,8.0,9.0,8.0,5.0,7.0,8.0,10.0,9.0,9.0,9.0,-3.2171476144008313,-1.5486299245034254
234.0,0.0,22.0,1.0,5.0,3.0,7.0,3.0,5.0,3.0,10.0,10.0,9.0,5.0,2.0,1.0,4.0,9.0,5.0,6.0,5.0,5.0,9.0,7.0,4.0,5.0,7.0,7.0,8.0,8.0,10.0,2.039742329591022,-0.6685251422949702
235.0,0.0,23.0,3.0,1.0,1.0,4.0,3.0,1.0,3.0,3.0,10.0,9.0,10.0,2.0,1.0,7.0,7.0,1.0,9.0,9.0,6.0,10.0,10.0,7.0,5.0,6.0,9.0,9.0,8.0,9.0,0.03535935040094313,2.1010197341665187
236.0,0.0,24.0,3.0,3.0,2.0,7.0,1.0,9.0,6.0,3.0,7.0,9.0,9.0,7.0,1.0,8.0,7.0,5.0,4.0,7.0,4.0,10.0,4.0,2.0,7.0,7.0,9.0,10.0,8.0,8.0,1.5675728070899715,-1.2515077505504624
237.0,0.0,34.0,10.0,1.0,3.0,7.0,4.0,1.0,1.0,10.0,7.0,8.0,9.0,9.0,1.0,1.0,10.0,6.0,8.0,6.0,2.0,9.0,2.0,10.0,4.0,8.0,10.0,7.0,8.0,8.0,2.5027594858087108,1.329943454186604
238.0,0.0,27.0,3.0,5.0,1.0,2.0,1.0,8.0,5.0,8.0,8.0,10.0,10.0,8.0,2.0,8.0,7.0,5.0,9.0,9.0,10.0,10.0,7.0,6.0,5.0,10.0,9.0,10.0,9.0,8.0,-2.052985533820919,0.11782448047644116
239.0,0.0,34.0,6.0,6.0,2.0,6.0,3.0,3.0,3.0,5.0,8.0,8.0,7.0,8.0,1.0,6.0,9.0,6.0,8.0,8.0,6.0,7.0,1.0,8.0,7.0,7.0,9.0,7.0,9.0,4.0,1.2846076514518547,1.4468654438594342
240.0,0.0,26.0,1.0,1.0,1.0,6.0,3.0,10.0,10.0,9.0,10.0,10.0,8.0,9.0,14.0,9.0,10.0,10.0,10.0,10.0,10.0,10.0,10.0,3.0,2.0,3.0,8.0,5.0,3.0,6.0,-4.170785565906734,-0.9116337589599844
241.0,0.0,29.0,1.0,1.0,2.0,4.0,2.0,8.0,1.0,5.0,7.0,7.0,7.0,4.0,1.0,3.0,4.0,1.0,3.0,4.0,6.0,7.0,6.0,3.0,2.0,8.0,10.0,8.0,8.0,8.0,4.090106062322205,-0.9021688473936856
242.0,0.0,26.0,3.0,3.0,3.0,7.0,3.0,6.0,5.0,5.0,8.0,10.0,10.0,9.0,4.0,9.0,10.0,1.0,9.0,10.0,10.0,10.0,1.0,8.0,6.0,7.0,9.0,7.0,8.0,4.0,-0.6546508063500224,2.2841112690227474
252.0,0.0,28.0,1.0,1.0,1.0,6.0,2.0,4.0,3.0,3.0,8.0,7.0,6.0,7.0,4.0,9.0,9.0,2.0,9.0,9.0,9.0,9.0,9.0,2.0,10.0,9.0,9.0,9.0,9.0,10.0,-0.6143829023785766,1.8487310549358213
253.0,0.0,33.0,1.0,1.0,2.0,6.0,6.0,5.0,3.0,5.0,8.0,10.0,10.0,6.0,1.0,6.0,10.0,7.0,7.0,10.0,7.0,7.0,7.0,3.0,7.0,8.0,10.0,9.0,8.0,7.0,0.8051030442096186,1.857674755755054
254.0,0.0,22.0,8.0,3.0,2.0,6.0,2.0,8.0,2.0,6.0,10.0,9.0,9.0,8.0,1.0,7.0,9.0,8.0,9.0,9.0,7.0,7.0,7.0,8.0,6.0,8.0,7.0,8.0,10.0,8.0,-0.9384679837883702,0.020617479948794277
255.0,0.0,26.0,3.0,1.0,1.0,7.0,3.0,6.0,8.0,9.0,6.0,6.0,6.0,4.0,2.0,5.0,6.0,4.0,7.0,7.0,8.0,8.0,9.0,1.0,6.0,6.0,8.0,6.0,7.0,6.0,0.4512196775704576,-1.108073072775507
256.0,0.0,24.0,6.0,5.0,2.0,6.0,4.0,5.0,3.0,6.0,7.0,6.0,5.0,6.0,5.0,5.0,5.0,8.0,6.0,8.0,8.0,8.0,9.0,3.0,6.0,6.0,9.0,6.0,8.0,6.0,-0.49520811971012557,-0.8434708415762541
257.0,0.0,24.0,5.0,6.0,2.0,5.0,1.0,7.0,1.0,6.0,9.0,10.0,10.0,10.0,3.0,4.0,10.0,2.0,5.0,10.0,10.0,10.0,4.0,10.0,3.0,7.0,9.0,7.0,9.0,10.0,-0.4944748627069179,1.3579732460415244
258.0,0.0,25.0,1.0,10.0,1.0,6.0,1.0,9.0,6.0,7.0,7.0,8.0,3.0,10.0,4.0,1.0,10.0,3.0,8.0,5.0,2.0,6.0,6.0,2.0,6.0,6.0,10.0,8.0,9.0,5.0,2.070409263010794,-2.3273982750159807
259.0,0.0,25.0,2.0,2.0,2.0,7.0,1.0,8.0,3.0,7.0,8.0,7.0,7.0,4.0,2.0,7.0,8.0,6.0,7.0,7.0,5.0,7.0,5.0,6.0,5.0,7.0,9.0,8.0,8.0,9.0,1.5575822252186957,-0.5163636444912676
260.0,0.0,27.0,4.0,4.0,2.0,7.0,3.0,9.0,6.0,7.0,9.0,5.0,5.0,6.0,2.0,3.0,9.0,6.0,7.0,7.0,9.0,9.0,5.0,3.0,6.0,6.0,9.0,7.0,9.0,6.0,0.18306319923380934,-0.3725559078451459
261.0,0.0,26.0,1.0,4.0,1.0,7.0,2.0,6.0,4.0,3.0,9.0,9.0,8.0,3.0,5.0,8.0,9.0,2.0,9.0,9.0,9.0,9.0,4.0,6.0,3.0,5.0,8.0,7.0,7.0,8.0,0.11920375508926463,1.8480216914687306
262.0,0.0,29.0,1.0,10.0,6.0,6.0,3.0,9.0,9.0,8.0,7.0,7.0,3.0,7.0,1.0,3.0,10.0,4.0,1.0,7.0,5.0,8.0,1.0,1.0,1.0,6.0,10.0,5.0,9.0,3.0,3.4439353928639176,-1.732374849291356
263.0,0.0,26.0,9.0,10.0,1.0,6.0,2.0,1.0,1.0,1.0,5.0,7.0,7.0,7.0,1.0,3.0,9.0,4.0,7.0,7.0,7.0,8.0,9.0,6.0,1.0,8.0,8.0,8.0,8.0,5.0,0.8781121176071578,1.364221540432156
264.0,0.0,26.0,1.0,3.0,1.0,6.0,2.0,7.0,1.0,7.0,5.0,7.0,8.0,6.0,1.0,5.0,9.0,7.0,4.0,8.0,2.0,6.0,2.0,1.0,3.0,8.0,7.0,8.0,9.0,5.0,3.499421813147182,-0.8200906396174689
265.0,0.0,32.0,3.0,3.0,4.0,5.0,2.0,2.0,9.0,8.0,8.0,7.0,8.0,2.0,1.0,2.0,10.0,6.0,7.0,10.0,8.0,9.0,2.0,1.0,3.0,7.0,9.0,7.0,10.0,10.0,1.1368008551400783,1.2700868641045382
266.0,0.0,28.0,2.0,2.0,2.0,7.0,3.0,5.0,4.0,5.0,4.0,7.0,8.0,8.0,1.0,6.0,5.0,1.0,4.0,10.0,6.0,7.0,2.0,6.0,4.0,8.0,8.0,7.0,7.0,4.0,2.50741787125331,0.699476574490242
267.0,0.0,26.0,2.0,2.0,1.0,3.0,3.0,4.0,8.0,5.0,9.0,7.0,6.0,4.0,7.0,8.0,3.0,9.0,5.0,9.0,4.0,9.0,10.0,2.0,4.0,7.0,6.0,5.0,7.0,7.0,-0.540173646454248,-1.7411659787800307
268.0,0.0,24.0,1.0,1.0,5.0,6.0,1.0,8.0,6.0,6.0,5.0,4.0,3.0,6.0,5.0,5.0,8.0,4.0,5.0,5.0,4.0,4.0,4.0,4.0,5.0,9.0,9.0,8.0,9.0,9.0,3.3138548865457484,-1.9710744176038086
269.0,0.0,24.0,4.0,5.0,2.0,6.0,2.0,4.0,1.0,8.0,8.0,8.0,10.0,7.0,3.0,1.0,10.0,3.0,6.0,6.0,6.0,9.0,4.0,2.0,6.0,8.0,8.0,6.0,8.0,7.0,1.9432037460187292,0.010900209973308287
270.0,0.0,23.0,2.0,4.0,2.0,5.0,1.0,8.0,4.0,6.0,9.0,8.0,7.0,8.0,4.0,6.0,9.0,2.0,7.0,5.0,6.0,7.0,6.0,4.0,5.0,5.0,4.0,7.0,8.0,6.0,1.4601274143495333,-1.0932667722291476
271.0,0.0,23.0,10.0,9.0,2.0,4.0,1.0,8.0,7.0,10.0,9.0,10.0,10.0,5.0,5.0,6.0,7.0,7.0,9.0,9.0,9.0,8.0,9.0,5.0,8.0,9.0,10.0,10.0,9.0,10.0,-2.868268834815497,-2.263709519717702
272.0,0.0,25.0,10.0,10.0,2.0,4.0,1.0,6.0,7.0,10.0,10.0,9.0,8.0,7.0,6.0,8.0,9.0,9.0,9.0,9.0,9.0,10.0,9.0,8.0,8.0,9.0,10.0,10.0,9.0,10.0,-3.912742187324579,-1.3806393989336918
294.0,0.0,30.0,1.0,1.0,1.0,6.0,2.0,7.0,8.0,4.0,9.0,10.0,10.0,1.0,1.0,7.0,10.0,3.0,10.0,9.0,7.0,8.0,8.0,5.0,6.0,9.0,10.0,7.0,9.0,7.0,0.1000978648780134,1.2261747017549032
295.0,0.0,30.0,5.0,7.0,2.0,6.0,1.0,7.0,8.0,8.0,5.0,7.0,5.0,3.0,1.0,2.0,10.0,7.0,10.0,10.0,8.0,8.0,5.0,8.0,6.0,7.0,10.0,8.0,8.0,8.0,-0.9646151267368275,0.45056492346850807
296.0,0.0,28.0,10.0,10.0,1.0,4.0,2.0,4.0,5.0,2.0,8.0,8.0,7.0,6.0,5.0,9.0,9.0,9.0,8.0,7.0,8.0,10.0,9.0,7.0,3.0,8.0,9.0,6.0,10.0,9.0,-2.080940527968649,0.07614041513794752
297.0,0.0,21.0,9.0,8.0,2.0,2.0,1.0,5.0,2.0,8.0,8.0,10.0,10.0,3.0,3.0,5.0,10.0,8.0,10.0,10.0,8.0,8.0,8.0,6.0,7.0,8.0,10.0,9.0,8.0,9.0,-2.328225432478868,-0.17168445364096113
298.0,0.0,22.0,7.0,1.0,2.0,6.0,2.0,3.0,1.0,3.0,5.0,10.0,10.0,3.0,1.0,4.0,10.0,5.0,10.0,10.0,10.0,10.0,9.0,7.0,1.0,7.0,10.0,9.0,10.0,10.0,-1.0063093485486532,3.022718545044865
299.0,0.0,24.0,1.0,1.0,2.0,6.0,2.0,7.0,1.0,7.0,8.0,9.0,8.0,9.0,4.0,9.0,9.0,6.0,7.0,9.0,7.0,9.0,5.0,4.0,5.0,6.0,9.0,9.0,8.0,9.0,0.08328893708424959,0.6591553870991537
300.0,0.0,35.0,1.0,1.0,2.0,6.0,2.0,8.0,2.0,8.0,9.0,10.0,10.0,7.0,2.0,5.0,8.0,2.0,10.0,8.0,8.0,10.0,4.0,2.0,9.0,8.0,9.0,9.0,9.0,10.0,0.7333614678763994,1.4892657975904964
301.0,0.0,34.0,3.0,8.0,2.0,4.0,1.0,5.0,3.0,9.0,10.0,7.0,8.0,5.0,1.0,5.0,9.0,5.0,9.0,10.0,9.0,9.0,5.0,9.0,2.0,9.0,9.0,8.0,9.0,8.0,-0.4273317354083855,1.8263871591714593
302.0,0.0,21.0,8.0,7.0,2.0,3.0,1.0,10.0,10.0,9.0,7.0,5.0,6.0,6.0,6.0,8.0,5.0,7.0,7.0,7.0,9.0,9.0,6.0,6.0,8.0,8.0,8.0,8.0,8.0,10.0,-2.572235060752601,-3.42662537238097
303.0,0.0,33.0,2.0,1.0,4.0,5.0,1.0,7.0,1.0,9.0,9.0,9.0,7.0,7.0,1.0,1.0,10.0,2.0,9.0,9.0,8.0,9.0,5.0,1.0,6.0,8.0,10.0,9.0,8.0,6.0,1.3718676921151074,1.6954055828894552
304.0,0.0,28.0,1.0,10.0,1.0,7.0,2.0,10.0,1.0,8.0,7.0,7.0,8.0,2.0,1.0,4.0,8.0,1.0,8.0,9.0,7.0,7.0,8.0,9.0,6.0,6.0,10.0,10.0,8.0,8.0,0.7597079996292989,0.2594827837516157
305.0,0.0,29.0,6.0,9.0,1.0,4.0,1.0,8.0,2.0,7.0,10.0,7.0,7.0,8.0,2.0,7.0,8.0,7.0,8.0,9.0,7.0,7.0,9.0,8.0,4.0,7.0,9.0,8.0,9.0,5.0,-0.9707480449976921,-0.38010788508876936
306.0,0.0,22.0,6.0,2.0,1.0,6.0,3.0,6.0,6.0,9.0,8.0,5.0,5.0,7.0,4.0,5.0,6.0,9.0,9.0,9.0,5.0,5.0,9.0,5.0,7.0,6.0,9.0,8.0,8.0,8.0,-0.7473159071119959,-1.802961683973502
307.0,0.0,27.0,1.0,3.0,5.0,7.0,2.0,10.0,8.0,10.0,9.0,8.0,9.0,10.0,1.0,5.0,10.0,7.0,10.0,10.0,8.0,10.0,9.0,3.0,3.0,5.0,8.0,7.0,8.0,8.0,-1.2467875254437293,0.31260985754731463
322.0,0.0,34.0,2.0,1.0,2.0,2.0,2.0,8.0,7.0,7.0,6.0,6.0,6.0,9.0,3.0,6.0,7.0,2.0,8.0,8.0,8.0,8.0,3.0,1.0,9.0,5.0,9.0,8.0,7.0,7.0,0.4358289904715195,-0.2408733491953066
323.0,0.0,25.0,1.0,1.0,2.0,4.0,3.0,5.0,7.0,7.0,7.0,8.0,7.0,7.0,6.0,6.0,7.0,8.0,9.0,9.0,8.0,8.0,8.0,6.0,8.0,7.0,9.0,6.0,8.0,3.0,-1.7015746572057646,-0.07971284473999515
324.0,0.0,23.0,8.0,3.0,1.0,4.0,2.0,8.0,8.0,6.0,10.0,8.0,8.0,9.0,6.0,9.0,7.0,8.0,10.0,8.0,10.0,10.0,7.0,7.0,5.0,9.0,9.0,9.0,9.0,8.0,-3.3540907157517785,-0.7853082276526456
325.0,0.0,30.0,2.0,4.0,2.0,6.0,2.0,5.0,7.0,9.0,9.0,9.0,9.0,7.0,7.0,7.0,9.0,7.0,9.0,9.0,9.0,9.0,4.0,6.0,6.0,7.0,9.0,7.0,8.0,8.0,-1.3279993166277977,0.4633186682552657
326.0,0.0,36.0,5.0,5.0,2.0,6.0,4.0,2.0,2.0,3.0,8.0,8.0,8.0,2.0,2.0,6.0,9.0,6.0,10.0,8.0,10.0,10.0,10.0,8.0,8.0,8.0,9.0,6.0,9.0,8.0,-0.9957477564392396,3.1329389607760536
327.0,0.0,29.0,2.0,7.0,2.0,6.0,3.0,1.0,1.0,5.0,10.0,8.0,7.0,7.0,1.0,6.0,10.0,1.0,9.0,8.0,9.0,9.0,1.0,5.0,5.0,7.0,7.0,9.0,8.0,10.0,1.3862760347238012,3.0336631006376704
328.0,0.0,30.0,1.0,1.0,2.0,3.0,1.0,8.0,3.0,10.0,10.0,10.0,10.0,10.0,1.0,5.0,10.0,7.0,10.0,10.0,10.0,10.0,5.0,10.0,6.0,7.0,10.0,8.0,10.0,10.0,-1.8885437191849355,1.7953153235663404
329.0,0.0,29.0,1.0,1.0,6.0,6.0,2.0,3.0,2.0,7.0,7.0,10.0,10.0,3.0,1.0,4.0,10.0,2.0,10.0,7.0,6.0,8.0,2.0,1.0,4.0,8.0,9.0,5.0,8.0,8.0,3.1090757552851556,2.1221999673569183
330.0,0.0,22.0,3.0,3.0,1.0,7.0,3.0,8.0,7.0,7.0,8.0,5.0,5.0,2.0,2.0,9.0,5.0,7.0,2.0,8.0,4.0,9.0,5.0,2.0,7.0,8.0,10.0,9.0,7.0,9.0,1.2756747024910358,-2.5190919698804044
331.0,0.0,34.0,1.0,1.0,1.0,6.0,3.0,4.0,7.0,4.0,6.0,7.0,7.0,10.0,2.0,1.0,9.0,3.0,7.0,7.0,9.0,9.0,4.0,10.0,4.0,7.0,9.0,9.0,7.0,4.0,0.9063556297206324,2.1462003100562606
341.0,0.0,23.0,3.0,10.0,1.0,6.0,1.0,1.0,2.0,1.0,10.0,9.0,9.0,8.0,1.0,6.0,10.0,10.0,10.0,10.0,10.0,10.0,9.0,10.0,5.0,7.0,9.0,9.0,7.0,9.0,-2.5255427897640708,2.947597591981352
342.0,0.0,33.0,2.0,1.0,1.0,6.0,3.0,3.0,4.0,4.0,10.0,9.0,10.0,1.0,1.0,8.0,7.0,10.0,8.0,10.0,1.0,4.0,10.0,4.0,2.0,10.0,10.0,10.0,10.0,10.0,2.0557729462977203,0.46630107169579144
343.0,0.0,32.0,5.0,6.0,3.0,2.0,1.0,6.0,3.0,3.0,10.0,10.0,10.0,8.0,2.0,3.0,5.0,4.0,8.0,9.0,9.0,9.0,9.0,7.0,5.0,4.0,8.0,6.0,10.0,7.0,-0.7145947116654008,1.002228652789776
344.0,0.0,26.0,1.0,3.0,3.0,4.0,3.0,9.0,7.0,5.0,6.0,7.0,6.0,4.0,3.0,9.0,4.0,4.0,9.0,9.0,9.0,9.0,9.0,5.0,5.0,7.0,7.0,8.0,8.0,9.0,-1.1461745379387347,-0.09261674430550365
345.0,0.0,24.0,7.0,6.0,2.0,7.0,4.0,5.0,1.0,10.0,6.0,5.0,5.0,3.0,4.0,8.0,9.0,6.0,7.0,7.0,8.0,9.0,6.0,9.0,6.0,7.0,9.0,7.0,9.0,7.0,-0.38618733906729286,0.04264152195165432
346.0,0.0,26.12639405204461,4.115241635687732,4.144981412639405,2.096654275092937,5.133828996282528,2.130111524163569,5.721189591078067,4.115241635687732,6.37546468401487,8.148698884758364,7.449814126394052,7.223048327137547,5.940520446096654,3.2342007434944238,5.91449814126394,7.907063197026022,5.732342007434944,7.5092936802973975,8.148698884758364,7.152416356877324,8.04460966542751,6.4869888475836435,5.078066914498141,5.17910447761194,7.242537313432836,8.470149253731343,7.899253731343284,8.294776119402986,7.630597014925373,8.790490504323047e-17,1.3073061767648016e-16
347.0,0.0,26.0,1.0,1.0,5.0,6.0,1.0,1.0,1.0,2.0,10.0,3.0,3.0,1.0,1.0,8.0,2.0,5.0,3.0,8.0,1.0,7.0,10.0,1.0,5.0,8.0,6.0,10.0,10.0,10.0,3.8875732194154815,-0.23816199026500953
348.0,0.0,21.0,3.0,3.0,2.0,6.0,1.0,3.0,5.0,1.0,10.0,10.0,10.0,2.0,1.0,9.0,10.0,7.0,10.0,7.0,7.0,7.0,10.0,5.0,5.0,6.0,10.0,10.0,10.0,10.0,-0.08393676246150182,1.062914881230337
349.0,0.0,33.0,1.0,7.0,1.0,4.0,2.0,2.0,3.0,10.0,8.0,7.0,8.0,7.0,1.0,6.0,7.0,4.0,8.0,8.0,8.0,9.0,6.0,7.0,6.0,7.0,8.0,8.0,9.0,7.0,0.186031373127213,1.1663718552177973
350.0,0.0,31.0,9.0,5.0,2.0,7.0,3.0,9.0,2.0,10.0,9.0,8.0,8.0,8.0,7.0,7.0,9.0,9.0,9.0,9.0,9.0,9.0,5.0,7.0,6.0,7.0,10.0,6.0,8.0,8.0,-1.935155012787549,-0.13387001605489932
351.0,0.0,35.0,1.0,3.0,2.0,5.0,4.0,5.0,2.0,5.0,10.0,10.0,10.0,7.0,2.0,3.0,10.0,3.0,10.0,10.0,10.0,10.0,5.0,5.0,8.0,8.0,10.0,7.0,8.0,9.0,-0.340288198320053,3.3241831673330466
352.0,0.0,29.0,6.0,6.0,2.0,4.0,3.0,8.0,5.0,10.0,10.0,10.0,10.0,8.0,4.0,5.0,5.0,8.0,9.0,9.0,10.0,10.0,7.0,7.0,9.0,9.0,10.0,9.0,9.0,8.0,-2.6660705110391314,-0.6257453558467885
353.0,0.0,25.0,7.0,7.0,1.0,2.0,1.0,3.0,4.0,5.0,8.0,9.0,9.0,8.0,8.0,5.0,6.0,4.0,9.0,9.0,8.0,9.0,8.0,5.0,5.0,6.0,6.0,6.0,6.0,6.0,-1.8774624792699102,-0.15300597822798115
354.0,0.0,22.0,9.0,8.0,1.0,6.0,1.0,10.0,10.0,10.0,10.0,8.0,8.0,1.0,1.0,1.0,8.0,10.0,10.0,10.0,10.0,10.0,10.0,6.0,7.0,7.0,7.0,10.0,8.0,8.0,-3.6081973410414356,-1.6946441308217324
355.0,0.0,24.0,10.0,2.0,1.0,4.0,3.0,9.0,1.0,7.0,8.0,7.0,7.0,7.0,1.0,9.0,9.0,2.0,9.0,9.0,9.0,9.0,9.0,2.0,7.0,6.0,10.0,8.0,8.0,8.0,-1.3105274062055365,0.07204506706886184
356.0,0.0,27.0,2.0,4.0,1.0,7.0,2.0,10.0,9.0,8.0,10.0,8.0,5.0,7.0,1.0,5.0,8.0,9.0,8.0,9.0,7.0,10.0,5.0,6.0,4.0,7.0,10.0,8.0,9.0,6.0,-0.9380183469080244,-0.5811028439193342
357.0,0.0,27.0,10.0,10.0,1.0,4.0,2.0,2.0,6.0,10.0,10.0,10.0,10.0,8.0,1.0,7.0,10.0,6.0,10.0,8.0,7.0,7.0,8.0,1.0,1.0,6.0,10.0,7.0,7.0,6.0,-0.6501491915605888,-0.5821657592233014
358.0,0.0,26.0,1.0,1.0,1.0,5.0,3.0,6.0,2.0,7.0,10.0,4.0,5.0,2.0,4.0,9.0,9.0,6.0,5.0,8.0,4.0,5.0,7.0,3.0,5.0,8.0,7.0,8.0,8.0,7.0,1.9755740842478906,-0.7486788388538885
359.0,0.0,26.0,1.0,5.0,2.0,6.0,3.0,2.0,1.0,1.0,7.0,2.0,2.0,6.0,8.0,1.0,10.0,3.0,7.0,8.0,8.0,8.0,1.0,4.0,2.0,7.0,10.0,2.0,9.0,8.0,1.8377012261594006,2.329926030475165
360.0,0.0,24.0,8.0,4.0,2.0,6.0,2.0,9.0,7.0,6.0,9.0,7.0,8.0,9.0,9.0,1.0,7.0,6.0,7.0,7.0,10.0,10.0,7.0,8.0,7.0,8.0,10.0,8.0,8.0,8.0,-2.1497797118125175,-1.3360392020782959
379.0,0.0,38.0,4.0,6.0,2.0,7.0,2.0,4.0,4.0,6.0,7.0,8.0,8.0,7.0,2.0,2.0,6.0,7.0,7.0,9.0,6.0,6.0,3.0,5.0,5.0,6.0,9.0,6.0,8.0,9.0,1.9227925761428517,0.7088820731817584
380.0,0.0,33.0,4.0,8.0,2.0,7.0,4.0,7.0,8.0,8.0,8.0,5.0,5.0,3.0,1.0,5.0,5.0,7.0,7.0,10.0,9.0,9.0,9.0,9.0,6.0,4.0,7.0,9.0,9.0,9.0,-1.2260281652910705,0.04664376254386141
381.0,0.0,24.0,6.0,3.0,5.0,4.0,1.0,5.0,5.0,5.0,7.0,8.0,8.0,6.0,5.0,6.0,9.0,6.0,4.0,8.0,7.0,8.0,8.0,7.0,2.0,7.0,7.0,10.0,9.0,8.0,0.29607118082959283,-0.4199103836998895
382.0,0.0,28.0,8.0,1.0,2.0,7.0,3.0,6.0,5.0,10.0,10.0,9.0,9.0,6.0,8.0,3.0,8.0,10.0,8.0,10.0,9.0,9.0,9.0,1.0,6.0,7.0,7.0,7.0,7.0,10.0,-1.9926331078873392,-0.6471772783325984
383.0,0.0,27.0,10.0,5.0,3.0,6.0,2.0,9.0,7.0,9.0,9.0,8.0,8.0,5.0,1.0,5.0,6.0,9.0,4.0,9.0,8.0,7.0,7.0,4.0,4.0,7.0,9.0,7.0,6.0,6.0,-0.1851793285946868,-2.2698136493198247
384.0,0.0,23.0,9.0,6.0,2.0,5.0,3.0,8.0,5.0,7.0,9.0,10.0,10.0,3.0,3.0,7.0,6.0,7.0,10.0,10.0,5.0,6.0,6.0,3.0,8.0,8.0,8.0,9.0,8.0,9.0,-0.7398738739860192,-1.597199803800484
385.0,0.0,25.0,5.0,8.0,2.0,5.0,3.0,7.0,5.0,8.0,10.0,10.0,10.0,10.0,6.0,8.0,9.0,6.0,10.0,10.0,8.0,10.0,9.0,8.0,7.0,8.0,8.0,6.0,8.0,6.0,-3.0713118270583837,0.10179853535563205
386.0,0.0,26.0,4.0,2.0,2.0,7.0,2.0,1.0,3.0,5.0,8.0,7.0,7.0,2.0,5.0,7.0,8.0,8.0,9.0,9.0,8.0,8.0,8.0,3.0,4.0,7.0,8.0,9.0,9.0,9.0,-0.21457935243359097,1.3921372759612867
387.0,0.0,25.0,5.0,2.0,2.0,7.0,2.0,5.0,5.0,8.0,8.0,6.0,6.0,4.0,3.0,8.0,7.0,7.0,8.0,8.0,7.0,7.0,8.0,2.0,6.0,8.0,8.0,8.0,8.0,8.0,0.10632317974383884,-0.7003339401484125
388.0,0.0,24.0,1.0,6.0,2.0,4.0,2.0,7.0,4.0,8.0,7.0,3.0,3.0,5.0,3.0,4.0,7.0,6.0,6.0,7.0,6.0,6.0,6.0,4.0,4.0,8.0,8.0,7.0,8.0,8.0,1.2962971369420773,-1.3947915245032563
389.0,0.0,21.0,1.0,1.0,2.0,3.0,1.0,7.0,8.0,5.0,8.0,7.0,7.0,10.0,2.0,1.0,10.0,7.0,8.0,8.0,10.0,10.0,7.0,8.0,7.0,8.0,10.0,9.0,7.0,5.0,-1.875801006985819,0.45264576235297066
390.0,0.0,30.0,1.0,10.0,6.0,4.0,3.0,6.0,1.0,6.0,10.0,6.0,6.0,8.0,1.0,4.0,10.0,6.0,8.0,8.0,8.0,8.0,4.0,6.0,6.0,8.0,8.0,8.0,8.0,8.0,0.8367899211682872,1.4895710695671802
391.0,0.0,28.0,1.0,5.0,1.0,4.0,1.0,8.0,1.0,6.0,8.0,6.0,7.0,9.0,1.0,9.0,9.0,1.0,3.0,5.0,5.0,5.0,4.0,2.0,4.0,8.0,9.0,9.0,9.0,7.0,3.6433351520061894,-1.2380864084790415
392.0,0.0,26.0,6.0,1.0,5.0,4.0,3.0,4.0,3.0,3.0,9.0,10.0,9.0,9.0,1.0,3.0,10.0,6.0,8.0,10.0,5.0,10.0,7.0,7.0,3.0,4.0,7.0,7.0,8.0,7.0,0.1390439876923837,2.0509278866167646
393.0,0.0,22.0,4.0,8.0,1.0,7.0,1.0,3.0,2.0,3.0,5.0,9.0,9.0,4.0,3.0,4.0,9.0,6.0,7.0,8.0,7.0,7.0,5.0,4.0,6.0,7.0,9.0,8.0,8.0,8.0,0.8712823200258788,0.4764357424858145
394.0,0.0,24.0,1.0,6.0,2.0,4.0,2.0,3.0,1.0,4.0,9.0,8.0,8.0,10.0,1.0,1.0,10.0,6.0,9.0,9.0,8.0,7.0,7.0,2.0,6.0,9.0,8.0,7.0,7.0,7.0,0.30832229702115654,1.6178857337758987
395.0,0.0,33.0,1.0,2.0,3.0,4.0,2.0,3.0,4.0,4.0,10.0,8.0,8.0,6.0,1.0,8.0,9.0,3.0,10.0,10.0,7.0,9.0,7.0,8.0,4.0,8.0,8.0,7.0,9.0,7.0,0.08662736405869033,2.9812241632622003
396.0,0.0,25.0,1.0,5.0,2.0,7.0,2.0,3.0,8.0,7.0,10.0,10.0,10.0,7.0,7.0,7.0,10.0,9.0,10.0,10.0,10.0,10.0,7.0,7.0,4.0,8.0,10.0,10.0,10.0,8.0,-2.6452027957267616,1.3298063335749655
416.0,0.0,25.0,3.0,3.0,6.0,4.0,1.0,4.0,1.0,8.0,8.0,7.0,6.0,6.0,1.0,8.0,7.0,8.0,5.0,7.0,5.0,10.0,4.0,3.0,3.0,7.242537313432836,8.470149253731343,7.899253731343284,8.294776119402986,7.630597014925373,1.7590658352746082,0.022860758614770434
417.0,0.0,29.0,1.0,1.0,1.0,5.0,3.0,6.0,1.0,4.0,5.0,8.0,8.0,8.0,3.0,5.0,7.0,2.0,6.0,7.0,7.0,6.0,3.0,8.0,5.0,7.0,8.0,4.0,8.0,8.0,2.2494678048887042,0.9869617460339327
418.0,0.0,25.0,7.0,3.0,6.0,7.0,2.0,2.0,2.0,5.0,9.0,7.0,8.0,6.0,5.0,6.0,10.0,8.0,8.0,10.0,7.0,9.0,7.0,7.0,5.0,7.0,9.0,7.0,8.0,5.0,-0.5011015072884004,1.7380921951512105
419.0,0.0,28.0,0.0,1.0,4.0,2.0,1.0,6.0,2.0,5.0,8.0,5.0,6.0,5.0,2.0,9.0,9.0,8.0,9.0,9.0,6.0,6.0,4.0,7.0,5.0,9.0,8.0,5.0,9.0,3.0,0.6585642728499288,1.1513072980131211
420.0,0.0,22.0,1.0,1.0,5.0,4.0,2.0,8.0,4.0,5.0,10.0,8.0,8.0,7.0,4.0,3.0,9.0,7.0,8.0,7.0,4.0,5.0,6.0,4.0,5.0,8.0,9.0,7.0,10.0,7.0,1.6567864800390133,-0.8249344782698179
421.0,0.0,25.0,5.0,5.0,1.0,4.0,3.0,1.0,1.0,1.0,8.0,5.0,5.0,1.0,5.0,5.0,5.0,8.0,10.0,10.0,5.0,10.0,10.0,5.0,7.0,7.0,7.0,6.0,6.0,6.0,-1.1710774501873848,1.4681912888304625
430.0,0.0,22.0,3.0,10.0,1.0,6.0,2.0,10.0,10.0,10.0,6.0,3.0,2.0,4.0,2.0,4.0,4.0,8.0,9.0,9.0,8.0,8.0,5.0,4.0,5.0,5.0,8.0,8.0,5.0,8.0,-1.3282193729023481,-2.448784342774805
431.0,0.0,27.0,5.0,8.0,2.0,7.0,3.0,10.0,9.0,7.0,10.0,10.0,10.0,10.0,5.0,4.0,10.0,7.0,7.0,5.0,8.0,10.0,10.0,3.0,7.0,7.0,10.0,7.0,9.0,10.0,-1.2944953275504874,-1.9606756205472209
432.0,0.0,28.0,1.0,1.0,4.0,6.0,3.0,2.0,2.0,2.0,10.0,10.0,10.0,7.0,1.0,6.0,6.0,4.0,9.0,8.0,8.0,7.0,5.0,5.0,4.0,7.0,8.0,8.0,8.0,8.0,1.7192049127331743,2.5183696281890406
433.0,0.0,30.0,3.0,3.0,2.0,6.0,3.0,3.0,3.0,8.0,8.0,8.0,8.0,8.0,1.0,6.0,7.0,5.0,7.0,8.0,5.0,5.0,5.0,3.0,5.0,8.0,6.0,7.0,8.0,5.0,2.2527456914248365,0.11385410344472127
434.0,0.0,27.0,2.0,2.0,1.0,4.0,2.0,4.0,2.0,9.0,6.0,3.0,3.0,3.0,2.0,7.0,2.0,6.0,2.0,2.0,4.0,7.0,8.0,4.0,3.0,7.0,7.0,8.0,6.0,4.0,3.5056991085577276,-2.6566907173985417
435.0,0.0,22.0,1.0,1.0,1.0,7.0,2.0,5.0,5.0,6.0,9.0,8.0,8.0,3.0,2.0,9.0,9.0,1.0,8.0,7.0,9.0,9.0,10.0,10.0,5.0,7.0,9.0,9.0,9.0,9.0,-0.2749967151762712,1.1336007856306254
436.0,0.0,23.0,9.0,1.0,1.0,6.0,1.0,8.0,5.0,9.0,10.0,8.0,7.0,8.0,5.0,1.0,9.0,10.0,8.0,10.0,6.0,10.0,10.0,4.0,5.0,9.0,8.0,10.0,7.0,6.0,-2.124662244095257,-1.1757853573528732
437.0,0.0,23.0,2.0,6.0,1.0,4.0,1.0,6.0,7.0,7.0,8.0,9.0,9.0,8.0,5.0,6.0,9.0,7.0,10.0,10.0,10.0,10.0,5.0,6.0,5.0,7.0,9.0,9.0,9.0,8.0,-2.632180641768356,0.5072754880670608
438.0,0.0,23.0,1.0,5.0,1.0,4.0,1.0,3.0,1.0,8.0,9.0,5.0,5.0,8.0,4.0,7.0,6.0,5.0,7.0,9.0,10.0,9.0,8.0,3.0,4.0,7.0,8.0,7.0,7.0,7.0,-0.771428370195134,0.5685419081707209
439.0,0.0,29.0,1.0,5.0,2.0,3.0,2.0,8.0,4.0,8.0,9.0,8.0,9.0,6.0,1.0,7.0,9.0,6.0,4.0,9.0,9.0,9.0,6.0,6.0,7.0,8.0,8.0,7.0,7.0,7.0,-0.2854214454132802,-0.06241636723270627
454.0,0.0,27.0,3.0,3.0,2.0,7.0,3.0,5.0,8.0,5.0,9.0,9.0,9.0,7.0,1.0,4.0,9.0,4.0,9.0,9.0,8.0,8.0,4.0,9.0,5.0,8.0,9.0,9.0,9.0,7.0,0.05096425634258973,1.3894473228107795
455.0,0.0,24.0,5.0,5.0,1.0,6.0,2.0,3.0,5.0,3.0,10.0,10.0,7.0,7.0,1.0,8.0,10.0,4.0,8.0,9.0,8.0,9.0,9.0,7.0,4.0,7.0,9.0,9.0,8.0,8.0,-0.7835268204588498,1.5016200067670529
456.0,0.0,29.0,3.0,2.0,2.0,6.0,1.0,1.0,1.0,8.0,8.0,7.0,7.0,6.0,2.0,8.0,8.0,4.0,7.0,7.0,6.0,6.0,8.0,8.0,2.0,8.0,8.0,6.0,7.0,7.0,1.8337866513690155,1.0554254140074668
457.0,0.0,55.0,1.0,1.0,6.0,7.0,3.0,1.0,2.0,1.0,8.0,9.0,9.0,10.0,1.0,1.0,10.0,4.0,7.0,3.0,10.0,8.0,1.0,1.0,10.0,7.0,6.0,7.0,8.0,3.0,4.453424497327409,4.1053011148192375
458.0,0.0,29.0,9.0,8.0,1.0,4.0,1.0,9.0,1.0,6.0,10.0,8.0,6.0,9.0,3.0,6.0,9.0,7.0,8.0,8.0,4.0,1.0,10.0,9.0,5.0,10.0,10.0,9.0,10.0,10.0,0.5503845455629522,-1.776141603713405
459.0,0.0,26.0,6.0,1.0,1.0,5.0,3.0,1.0,3.0,1.0,9.0,8.0,9.0,1.0,1.0,6.0,4.0,6.0,8.0,8.0,8.0,8.0,8.0,1.0,5.0,5.0,5.0,5.0,5.0,8.0,0.7204582802595838,1.1466124271765255
466.0,0.0,24.0,1.0,1.0,6.0,7.0,1.0,4.0,2.0,9.0,8.0,5.0,6.0,4.0,3.0,2.0,8.0,5.0,5.0,7.0,6.0,8.0,4.0,2.0,5.0,7.0,9.0,7.0,8.0,8.0,2.830156707442837,0.0366658706521253
467.0,0.0,24.0,7.0,4.0,6.0,2.0,1.0,8.0,4.0,9.0,9.0,9.0,9.0,8.0,5.0,8.0,9.0,8.0,9.0,9.0,9.0,9.0,9.0,9.0,7.0,8.0,8.0,8.0,8.0,8.0,-2.749903105250944,-0.42184952715799584
468.0,0.0,25.0,5.0,2.0,1.0,6.0,3.0,8.0,3.0,7.0,7.0,7.0,8.0,8.0,2.0,6.0,8.0,7.0,5.0,9.0,9.0,9.0,7.0,6.0,4.0,8.0,9.0,6.0,8.0,8.0,-0.5643251233922163,0.006987877472577592
469.0,0.0,25.0,1.0,1.0,2.0,3.0,1.0,10.0,7.0,7.0,7.0,7.0,7.0,3.0,3.0,4.0,7.0,9.0,7.0,7.0,7.0,8.0,6.0,9.0,4.0,8.0,8.0,8.0,6.0,6.0,-0.2856177607786472,-1.1778623366028806
470.0,0.0,29.0,1.0,1.0,1.0,4.0,2.0,1.0,1.0,1.0,10.0,10.0,10.0,2.0,1.0,3.0,10.0,5.0,10.0,10.0,6.0,6.0,10.0,1.0,4.0,4.0,9.0,5.0,8.0,6.0,1.274852180637803,2.7724728968318337
471.0,0.0,30.0,8.0,8.0,2.0,5.0,3.0,3.0,4.0,6.0,10.0,7.0,7.0,5.0,2.0,9.0,7.0,8.0,6.0,8.0,6.0,6.0,10.0,4.0,5.0,7.0,8.0,8.0,9.0,9.0,0.18936336687236296,-0.7628477563321296
472.0,0.0,25.0,1.0,3.0,2.0,4.0,2.0,10.0,6.0,7.0,9.0,9.0,8.0,9.0,1.0,7.0,8.0,1.0,10.0,10.0,10.0,10.0,5.0,9.0,4.0,8.0,10.0,10.0,8.0,9.0,-1.4254700560509368,1.2350021170538343
473.0,0.0,34.0,1.0,1.0,2.0,6.0,4.0,7.0,5.0,5.0,8.0,8.0,8.0,8.0,6.0,6.0,9.0,8.0,8.0,9.0,9.0,9.0,7.0,7.0,7.0,7.0,9.0,8.0,10.0,7.0,-1.116695406227384,1.4051067710173577
474.0,0.0,30.0,1.0,1.0,1.0,6.0,5.0,10.0,2.0,10.0,10.0,7.0,7.0,9.0,2.0,9.0,8.0,1.0,4.0,3.0,7.0,10.0,6.0,9.0,9.0,9.0,9.0,10.0,8.0,7.0,1.5201388522031987,-0.7463670168289006
475.0,0.0,27.0,1.0,2.0,1.0,6.0,2.0,1.0,1.0,6.0,10.0,6.0,5.0,2.0,0.0,5.0,4.0,4.0,9.0,8.0,3.0,5.0,6.0,9.0,5.0,5.0,8.0,5.0,7.0,7.0,2.6738838091710404,1.0239915666021142
476.0,0.0,25.0,1.0,3.0,5.0,5.0,2.0,4.0,1.0,7.0,9.0,5.0,5.0,4.0,1.0,7.0,3.0,3.0,3.0,3.0,3.0,7.0,6.0,3.0,5.0,7.0,9.0,5.0,7.0,6.0,4.496949376324619,-1.6280834490029927
477.0,0.0,27.0,5.0,7.0,1.0,4.0,2.0,9.0,6.0,7.0,8.0,6.0,8.0,8.0,4.0,7.0,7.0,4.0,7.0,8.0,7.0,7.0,6.0,4.0,7.0,6.0,8.0,7.0,7.0,7.0,-0.36361210462400706,-1.6620406744507317
478.0,0.0,26.0,4.0,4.0,1.0,4.0,1.0,9.0,7.0,9.0,7.0,7.0,9.0,9.0,3.0,3.0,8.0,4.0,7.0,9.0,8.0,9.0,4.0,6.0,4.0,7.0,8.0,9.0,8.0,7.0,-0.5853516812985405,-0.8066063305958511
479.0,0.0,27.0,3.0,3.0,1.0,4.0,3.0,10.0,7.0,10.0,9.0,8.0,7.0,9.0,1.0,7.0,5.0,4.0,7.0,7.0,7.0,7.0,7.0,7.0,6.0,8.0,8.0,8.0,8.0,8.0,-0.031108655826043285,-1.8478997676214597
480.0,0.0,26.0,4.0,6.0,1.0,4.0,1.0,7.0,1.0,8.0,9.0,9.0,9.0,3.0,1.0,6.0,10.0,3.0,3.0,4.0,4.0,4.0,5.0,7.0,4.0,8.0,9.0,10.0,8.0,7.0,3.6253642147181773,-1.865018062501908
496.0,0.0,23.0,1.0,1.0,1.0,5.0,2.0,8.0,1.0,8.0,7.0,7.0,7.0,8.0,1.0,1.0,7.0,3.0,3.0,3.0,5.0,5.0,5.0,5.0,5.0,5.0,8.0,6.0,9.0,8.0,3.922086002867479,-1.937982665648208
497.0,0.0,24.0,5.0,5.0,1.0,7.0,1.0,7.0,5.0,1.0,8.0,7.0,6.0,7.0,3.0,1.0,7.0,8.0,6.0,9.0,9.0,8.0,8.0,7.0,6.0,8.0,10.0,10.0,9.0,8.0,-0.741292064955731,0.12853495740075288
498.0,0.0,25.0,9.0,9.0,1.0,4.0,1.0,3.0,1.0,5.0,7.0,3.0,3.0,6.0,6.0,9.0,8.0,9.0,6.0,8.0,8.0,8.0,3.0,1.0,5.0,8.0,9.0,10.0,9.0,10.0,-0.41697534017214555,-0.6315395051654912
499.0,0.0,26.0,1.0,9.0,5.0,4.0,1.0,1.0,1.0,1.0,9.0,9.0,9.0,2.0,1.0,8.0,9.0,6.0,8.0,10.0,10.0,10.0,5.0,1.0,4.0,9.0,10.0,9.0,10.0,4.0,0.20429913653417306,2.9690382607665606
500.0,0.0,25.0,7.0,9.0,1.0,5.0,3.0,4.0,2.0,6.0,7.0,7.0,7.0,2.0,2.0,7.0,8.0,5.0,7.0,8.0,8.0,8.0,6.0,5.0,6.0,8.0,9.0,9.0,9.0,9.0,-0.006379049962623546,0.10348221930133471
501.0,0.0,26.0,7.0,4.0,5.0,4.0,3.0,5.0,4.0,8.0,8.0,9.0,9.0,6.0,1.0,3.0,9.0,7.0,9.0,9.0,9.0,10.0,7.0,6.0,7.0,8.0,9.0,8.0,9.0,9.0,-1.2439218520679924,0.9357694470883576
509.0,0.0,28.0,2.0,2.0,2.0,4.0,2.0,6.0,3.0,6.0,7.0,7.0,7.0,3.0,3.0,4.0,6.0,4.0,4.0,8.0,5.0,7.0,7.0,7.0,6.0,5.0,6.0,4.0,8.0,9.0,1.733373842865386,-0.5291510457434595
510.0,0.0,26.0,3.0,3.0,2.0,7.0,2.0,8.0,1.0,4.0,10.0,8.0,7.0,10.0,5.0,7.0,9.0,1.0,3.0,9.0,7.0,5.0,1.0,7.0,5.0,7.0,9.0,6.0,8.0,4.0,2.3795893372474746,0.1717656550153379
511.0,0.0,23.0,2.0,2.0,2.0,7.0,3.0,6.0,5.0,5.0,7.0,8.0,10.0,10.0,3.0,9.0,8.0,5.0,8.0,9.0,9.0,10.0,7.0,8.0,6.0,8.0,4.0,10.0,8.0,8.0,-1.3336689354594558,1.1662964497864294
512.0,0.0,26.12639405204461,1.0,1.0,1.0,3.0,2.0,1.0,1.0,1.0,8.0,9.0,10.0,8.0,0.0,9.0,9.0,6.0,10.0,9.0,7.0,10.0,5.0,5.0,5.17910447761194,7.0,8.0,8.0,7.0,7.0,-0.12249659691409451,3.2328008503605528
513.0,0.0,23.0,1.0,1.0,2.0,6.0,4.0,1.0,1.0,9.0,9.0,9.0,9.0,1.0,0.0,8.0,9.0,8.0,9.0,10.0,6.0,8.0,6.0,6.0,2.0,6.0,8.0,7.0,6.0,4.0,0.684356604177223,2.084916307704187
514.0,0.0,23.0,8.0,9.0,2.0,4.0,3.0,5.0,3.0,7.0,7.0,8.0,10.0,2.0,2.0,1.0,8.0,6.0,10.0,8.0,9.0,10.0,6.0,7.0,7.0,8.0,10.0,8.0,9.0,7.0,-1.403308832553401,0.4129998777504486
515.0,0.0,23.0,8.0,5.0,1.0,6.0,3.0,10.0,10.0,8.0,9.0,9.0,8.0,10.0,3.0,8.0,9.0,8.0,9.0,10.0,7.0,10.0,5.0,9.0,6.0,8.0,10.0,8.0,10.0,8.0,-2.893661663383191,-1.114887891952228
516.0,0.0,27.0,9.0,3.0,2.0,6.0,3.0,3.0,3.0,6.0,10.0,9.0,9.0,5.0,5.0,8.0,9.0,6.0,9.0,4.0,9.0,9.0,9.0,3.0,2.0,8.0,9.0,9.0,8.0,8.0,-0.08315381195441852,0.23954081773188837
517.0,0.0,30.0,1.0,1.0,5.0,5.0,3.0,2.0,1.0,9.0,9.0,6.0,8.0,4.0,1.0,2.0,9.0,3.0,10.0,8.0,4.0,4.0,3.0,9.0,3.0,8.0,9.0,7.0,9.0,7.0,3.3685164850670746,1.9099452171118745
518.0,0.0,23.0,2.0,1.0,5.0,7.0,2.0,4.0,2.0,5.0,8.0,6.0,7.0,5.0,5.0,9.0,9.0,8.0,8.0,8.0,6.0,8.0,9.0,4.0,2.0,6.0,9.0,8.0,8.0,7.0,0.538375126317897,0.9043081304436932
519.0,0.0,26.0,8.0,9.0,2.0,4.0,2.0,9.0,5.0,9.0,5.0,8.0,7.0,7.0,2.0,3.0,9.0,4.0,7.0,8.0,7.0,8.0,2.0,2.0,6.0,8.0,10.0,9.0,9.0,10.0,0.3567277177670003,-1.5385376277874405
520.0,0.0,28.0,2.0,1.0,1.0,7.0,1.0,4.0,6.0,8.0,8.0,10.0,8.0,5.0,2.0,9.0,10.0,8.0,9.0,8.0,5.0,5.0,8.0,2.0,5.0,8.0,9.0,7.0,8.0,5.0,0.8745786401748059,-0.25225278168407733
521.0,0.0,26.0,3.0,1.0,1.0,3.0,1.0,7.0,7.0,8.0,8.0,8.0,8.0,10.0,7.0,5.0,8.0,6.0,7.0,8.0,8.0,8.0,6.0,6.0,6.0,7.0,9.0,9.0,8.0,8.0,-1.182512542746816,-1.0561099970088605
522.0,0.0,22.0,3.0,6.0,1.0,6.0,2.0,6.0,6.0,6.0,7.0,8.0,9.0,3.0,3.0,7.0,9.0,8.0,10.0,10.0,7.0,7.0,5.0,3.0,5.0,7.0,7.0,7.0,9.0,8.0,-0.7534273676504849,-0.049205892008341794
523.0,0.0,27.0,3.0,2.0,2.0,4.0,3.0,8.0,1.0,5.0,9.0,4.0,3.0,6.0,7.0,8.0,13.0,5.0,2.0,7.0,8.0,9.0,3.0,1.0,9.0,6.0,9.0,8.0,9.0,6.0,0.9049185029365889,-0.27847941415235505
524.0,0.0,25.0,9.0,6.0,2.0,7.0,4.0,4.0,1.0,7.0,9.0,8.0,8.0,6.0,3.0,8.0,7.0,7.0,8.0,8.0,5.0,5.0,7.0,5.0,6.0,5.0,9.0,7.0,8.0,7.0,0.7043747028573536,-0.6054184496131393
525.0,0.0,24.0,2.0,8.0,2.0,4.0,1.0,6.0,2.0,8.0,6.0,5.0,5.0,3.0,2.0,1.0,8.0,8.0,9.0,10.0,7.0,8.0,8.0,1.0,6.0,6.0,10.0,8.0,10.0,9.0,-0.4094521711418899,-0.10975363427948565
526.0,0.0,26.0,5.0,2.0,1.0,5.0,3.0,2.0,1.0,3.0,10.0,10.0,7.0,6.0,5.0,10.0,8.0,4.0,10.0,8.0,6.0,8.0,4.0,10.0,6.0,3.0,6.0,9.0,7.0,10.0,-0.0038599151936571942,1.9431682522461524
527.0,0.0,24.0,5.0,5.0,1.0,4.0,3.0,5.0,5.0,1.0,8.0,7.0,7.0,6.0,2.0,7.0,6.0,6.0,8.0,7.0,8.0,8.0,7.0,6.0,1.0,10.0,10.0,10.0,10.0,10.0,-0.053376694126883124,0.4362493040423617
528.0,0.0,29.0,8.0,7.0,2.0,6.0,1.0,5.0,8.0,4.0,2.0,2.0,2.0,8.0,6.0,2.0,2.0,2.0,3.0,7.0,3.0,3.0,2.0,2.0,4.0,9.0,6.0,8.0,8.0,8.0,3.6010501629765144,-3.2074496867806723
529.0,0.0,22.0,4.0,1.0,2.0,4.0,1.0,7.0,4.0,6.0,10.0,8.0,8.0,8.0,6.0,5.0,5.0,5.0,8.0,8.0,8.0,8.0,4.0,4.0,5.0,6.0,10.0,9.0,7.0,5.0,-0.23375397383987093,-0.7109863961317769
530.0,0.0,22.0,1.0,1.0,2.0,7.0,3.0,7.0,10.0,5.0,6.0,3.0,8.0,6.0,7.0,6.0,3.0,5.0,8.0,10.0,9.0,10.0,6.0,3.0,8.0,3.0,9.0,9.0,9.0,7.0,-1.6066015575596202,-0.6580483311094603
